Focus Sheet — Català Exam,,,,,,,
High-priority vocabulary reorganized by your exam themes. Use the last column to mark what you already know.,,,,,,,
,,,,,,,
"1. Viatges i clima — allotjaments, paisatges naturals i fenòmens meteorològics",,,,,,,
Subtheme,Type,Català,Spanish,English,Source Unit,Example sentence,✓
Allotjaments i desplaçaments,noun,l’allotjament,alojamiento,accommodation,U04,Ja tenim l’allotjament reservat.,
Allotjaments i desplaçaments,noun,la reserva,reserva,reservation,U04,Tinc una reserva per a dues persones.,
Allotjaments i desplaçaments,noun,el viatge,viaje,trip,U04,El viatge ha estat molt tranquil.,
Allotjaments i desplaçaments,noun,les vacances,vacaciones,holidays,U04,Aquest estiu fem vacances al mar.,
Allotjaments i desplaçaments,noun,l’autobús,autobús,bus,U04,L’autobús passa cada mitja hora.,
Allotjaments i desplaçaments,noun,el vol,vuelo,flight,U04,El vol surt a les vuit.,
Paisatges naturals,noun,el paisatge,paisaje,landscape,U15,Des d’aquí es veu un paisatge preciós.,
Fenòmens meteorològics,noun,la pluja,lluvia,rain,U09,Avui hi ha molta pluja.,
Fenòmens meteorològics,noun,els núvols,nubes,clouds,U09,Hi ha molts núvols.,
Fenòmens meteorològics,noun,la boira,niebla,fog,U09,Hi ha boira al matí.,
Fenòmens meteorològics,noun,el clima,clima,climate,U09,El clima d’aquesta zona és suau.,
Fenòmens meteorològics,expression,Fa vent,hace viento,it’s windy,U09,Avui fa vent.,
Fenòmens meteorològics,expression,Fa sol,hace sol,it’s sunny,U09,Avui fa sol.,
Fenòmens meteorològics,expression,Plou,llueve,it rains,U09,Avui plou.,
Fenòmens meteorològics,expression,Neva,nieva,it snows,U09,A l’hivern neva.,
Fenòmens meteorològics,expression,Està ennuvolat,está nublado,it's cloudy,U09,Avui està ennuvolat.,
Moviment útil per parlar del viatge,verb,arribar,llegar,to arrive,U04,Arribo a l’allotjament a les vuit.,
Moviment útil per parlar del viatge,verb,viatjar,viajar,to travel,U04,M’agrada viatjar a la primavera.,
Moviment útil per parlar del viatge,verb,quedar-se,quedarse,to stay; remain,U04,Ens quedem a casa aquesta tarda.,
Moviment útil per parlar del viatge,verb,agafar,coger; tomar,to take; catch,U04,Demà agafarem l’autobús ben d’hora.,
,,,,,,,
"2. Vida quotidiana — hàbits, activitats diàries, estats d’ànim i incidents domèstics",,,,,,,
Subtheme,Type,Català,Spanish,English,Source Unit,Example sentence,✓
Espais i rutina,noun,la casa,casa,house,U03,Viuen en una casa gran.,
Espais i rutina,noun,la habitació,habitación,room,U03,L’habitació és molt lluminosa.,
Espais i rutina,noun,el menjador,comedor,dining room,U03,Sopem al menjador cada nit.,
Espais i rutina,noun,la cuina,cocina,kitchen,U03,La cuina és nova i moderna.,
Espais i rutina,noun,el bany,baño,bathroom,U03,El bany és al costat de la cuina.,
Espais i rutina,noun,la nevera,nevera,fridge,U03,La llet és a la nevera.,
Espais i rutina,noun,la dutxa,ducha,shower,U03,Em prenc una dutxa cada matí.,
Estats d’ànim i necessitats,noun,l’estat d’ànim,estado de ánimo,mood,U06,Avui el meu estat d’ànim és força bo.,
Estats d’ànim i necessitats,noun,la gana,hambre,hunger,U06,Tinc gana.,
Estats d’ànim i necessitats,noun,la set,sed,thirst,U06,Tinc set.,
Estats d’ànim i necessitats,noun,la son,sueño,sleepiness,U06,Tinc son.,
Estats d’ànim i necessitats,expression,de bon humor,de buen humor,in a good mood,U06,Avui estic de bon humor.,
Estats d’ànim i necessitats,adjective,preocupat,preocupado,worried,U06,Ell està preocupat.,
Incidents domèstics,noun,aixeta,grifo,tap,U09,Tanca l’aixeta.,
Incidents domèstics,noun,els endolls,enchufes,plugs,U09,Els endolls són a la paret.,
Incidents domèstics,noun,el manyà,cerrajero,locksmith,U09,Truca al manyà per la porta.,
Incidents domèstics,verb,trencar,romper,to break,U09,Va trencar el got.,
Hàbits diaris,verb,aixecar-se,levantarse,to get up,U01,M’aixeco a les set cada dia.,
Hàbits diaris,verb,dutxar-se,ducharse,to shower,U13,Em dutxo abans d’anar a dormir.,
Hàbits diaris,verb,menjar,comer,to eat,U08,Avui menjarem a casa.,
Hàbits diaris,verb,dormir,dormir,to sleep,U13,Necessito dormir vuit hores.,
Hàbits diaris,verb,queixar-se,quejarse,to complain,U06,Sempre es queixa del soroll.,
,,,,,,,
"3. Feina i educació — professions, condicions laborals, tipus de jornades i nivells d’estudi",,,,,,,
Subtheme,Type,Català,Spanish,English,Source Unit,Example sentence,✓
Nivells i espais d’estudi,noun,escola,escuela,school,U04,L’escola és nova.,
Nivells i espais d’estudi,noun,institut,instituto,high school,U04,L’institut és al costat del parc.,
Nivells i espais d’estudi,noun,la universitat,universidad,university,U02,Estudia dret a la universitat.,
Nivells i espais d’estudi,noun,la selectivitat,selectividad,university entrance exam,U02,Estudia molt per a la selectivitat.,
Nivells i espais d’estudi,noun,l’examen,examen,exam,U02,Demà tenim un examen de català.,
Feina i documents,noun,la feina,trabajo,work; job,U02,Avui tinc molta feina.,
Feina i documents,noun,la professió,profesión,profession,U02,Quina és la teva professió?,
Feina i documents,noun,el certificat,certificado,certificate,U02,Necessito el certificat per fer el tràmit.,
Feina i documents,noun,el projecte,proyecto,project,U02,El projecte començarà aviat.,
Feina i documents,noun,el resum,resumen,summary,U02,Fes un resum del text.,
Feina i documents,noun,la proposta,propuesta,proposal,U02,La proposta està en revisió.,
Tasques i accions útils,verb,treballar,trabajar,to work,U14,Treballo de dilluns a divendres.,
Tasques i accions útils,verb,estudiar,estudiar,to study,U14,Estudio català cada tarda.,
Tasques i accions útils,verb,aprendre,aprender,to learn,U02,Aprenc català cada dia.,
Tasques i accions útils,verb,llegir,leer,to read,U02,Llegeixo una mica en català cada vespre.,
Tasques i accions útils,verb,escriure,escribir,to write,U02,Escric frases noves al quadern.,
Tasques i accions útils,verb,signar,firmar,to sign,U02,He de signar aquest paper avui.,
Tasques i accions útils,verb,gestionar,gestionar,to manage,U02,Gestiona el projecte amb calma.,
Tasques i accions útils,verb,cursar,cursar,to study; take,U14,Ara cursa un màster.,
Tasques i accions útils,verb,aprovar,aprobar,to pass; approve,U14,Espero aprovar l’examen.,
,,,,,,,
"4. Salut — símptomes, remeis i serveis mèdics",,,,,,,
Subtheme,Type,Català,Spanish,English,Source Unit,Example sentence,✓
Serveis mèdics,noun,l’hospital,hospital,hospital,U04,L’hospital és a prop del centre.,
Serveis mèdics,noun,el servei mèdic,servicio médico,medical service,U13,Truca al servei mèdic si et trobes malament.,
Salut i símptomes,noun,la salut,salud,health,U13,La salut és molt important.,
Salut i símptomes,noun,el símptoma,síntoma,symptom,U13,La febre és un símptoma comú.,
Salut i símptomes,noun,la febre,fiebre,fever,U13,Té febre des d’ahir.,
Parts del cos,noun,el cap,cabeza,head,U13,Em fa mal el cap.,
Parts del cos,noun,el coll,cuello,neck,U13,Porta una bufanda al coll.,
Parts del cos,noun,la panxa,barriga,belly,U13,Després de dinar em fa mal la panxa.,
Símptomes freqüents,expression,tenir mal de cap,tener dolor de cabeza,to have a headache,U06,Tinc mal de cap.,
Símptomes freqüents,verb,tossir,toser,to cough,U13,"Quan té refredat, tus molt.",
Remeis,noun,el remei,remedio,remedy,U13,Aquest remei m’ha anat bé.,
Remeis,noun,la pomada,pomada,ointment,U13,Posa pomada a la ferida.,
Remeis,verb,alleujar,aliviar,to relieve,U13,Això alleuja el dolor.,
Accions i descans,verb,sentir-se,sentirse,to feel,U13,Avui no em sento gaire bé.,
Accions i descans,verb,descansar,descansar,to rest,U13,Necessito descansar aquest cap de setmana.,
Accions i descans,verb,dormir,dormir,to sleep,U13,Necessito dormir vuit hores.,
Accions i descans,verb,despertar-se,despertarse,to wake up,U13,Em desperto abans de les set.,
Accions i descans,verb,procurar,procurar,to try; make sure,U13,Procura descansar una mica.,
,,,,,,,
"5. Festes i lleure — celebracions populars, activitats culturals i excursions",,,,,,,
Subtheme,Type,Català,Spanish,English,Source Unit,Example sentence,✓
Celebracions,noun,l’aniversari,cumpleaños,birthday,U01,Demà celebrem el seu aniversari.,
Celebracions,noun,el regal,regalo,gift,U01,Li hem comprat un regal d’aniversari.,
Celebracions,noun,la disfressa,disfraz,costume,U01,La seva disfressa és molt original.,
Celebracions,noun,la invitació,invitación,invitation,U02,He rebut una invitació a la reunió.,
Celebracions populars catalanes,noun,la gimcana,gincana,gymkhana,U12,Fem una gimcana a la festa.,
Celebracions populars catalanes,noun,els castells,castillos humanos,human towers,U12,Fan castells a la plaça.,
Celebracions populars catalanes,noun,la cobla,cobla,catalan band,U12,La cobla toca sardanes.,
Celebracions populars catalanes,noun,els gegants,gigantes,giants,U12,Els gegants ballen.,
Activitats culturals,noun,la pel·lícula,película,movie,U01,Vam veure una pel·lícula molt interessant ahir.,
Activitats culturals,noun,el cinema,cine,cinema,U04,Anem al cinema dissabte.,
Activitats culturals,noun,el museu,museo,museum,U04,Visitem el museu el cap de setmana.,
Activitats culturals,noun,el teatre,teatro,theatre,U04,Anem al teatre dissabte.,
Excursions,noun,la motxilla,mochila,backpack,U15,Porto l’aigua a la motxilla.,
Excursions,noun,el sac de dormir,saco de dormir,sleeping bag,U15,A la nit fa fred dins del sac de dormir.,
Excursions,noun,la tenda de campanya,tienda de campaña,tent,U15,Muntarem la tenda de campanya abans de sopar.,
Lleure i socialització,verb,participar,participar,to participate,U12,Vull participar en la gimcana del barri.,
Lleure i socialització,verb,visitar,visitar,to visit,U12,Demà visitarem el museu.,
Lleure i socialització,verb,invitar,invitar,to invite,U12,Vull invitar els amics a sopar.,
Lleure i socialització,verb,relacionar-se,relacionarse,to interact; socialize,U12,Li costa relacionar-se amb gent nova.,
Lleure i socialització,verb,divertir-se,divertirse,to have fun,U06,Ens agrada divertir-nos amb els amics.,
Only terms already present in the workbook were used here; this sheet is a focused study subset.,,,,,,,
