,,,,,,,Determinant: ,"acompanya el nom i el concreta o el quantifica. Aquesta pestanya inclou articles, demostratius, possessius, indefinits, quantificadors i numerals bàsics; algunes formes també poden funcionar com a pronoms o adjectius segons el context."
,Català,Subcategoria,Espanyol,Àrab,Notes,Exemple,Adjectiu:,describes a noun or gives a quality/state. In Catalan it often agrees in gender and number.
Determinant,el,article definit,el,الـ,Article definit masculí singular.,el llibre,Pronom: ,"substitueix un nom, un sintagma o fins i tot una idea sencera. En català hi ha pronoms personals tònics, pronoms febles, demostratius, possessius, indefinits, relatius i interrogatius; una mateixa forma pot canviar de funció segons l’ús."
Determinant,la,article definit,la,الـ,Article definit femení singular.,la casa,Adverbi:,"modifies a verb, adjective, or whole sentence; it can express time, place, manner, quantity, affirmation, negation, or doubt."
Determinant,els,article definit,los,الـ / للجمع,Article definit masculí plural.,els llibres,Preposició: ,"introdueix complements i estableix relacions de lloc, temps, causa, finalitat, manera, companyia o tema. La pestanya combina preposicions simples i locucions prepositives d’ús corrent i avançat."
Determinant,les,article definit,las,الـ / للجمع,Article definit femení plural.,les cases,Conjunció:," enllaça mots, sintagmes i oracions. Aquí tens coordinants, correlatives i subordinants freqüents i avançades; algunes locucions properes als connectors discursius s’hi inclouen perquè són molt útils per estudiar i escriure millor."
Determinant,l’,article definit,el / la,الـ (مع الحذف),Forma apostrofada davant vocal o h muda.,"l’amic, l’hora",Interjecció: ,"expressa emoció, reacció, crida, encoratjament o fórmules de conversa. En aquesta pestanya també hi ha partícules apel·latives i fórmules orals molt freqüents, perquè en l’ús real del català sovint funcionen com a peces fixes del discurs."
Determinant,lo,article definit (regional / col·loquial),lo,الـ / لو,Forma masculina pròpia de registres o varietats regionals; en l’estàndard general s’usa el.,lo pare,,
Determinant,un,article indefinit,un,نكرة / واحد,Article indefinit masculí singular.,un dia,,
Determinant,una,article indefinit,una,نكرة / واحدة,Article indefinit femení singular.,una idea,,
Determinant,uns,article indefinit,unos,بعض / عدة,Article indefinit masculí plural.,uns amics,,
Determinant,unes,article indefinit,unas,بعض / عدة,Article indefinit femení plural.,unes hores,,
Determinant,en,article personal,don / el (nombre propio masc.),أداة قبل أسماء الذكور,Article personal davant noms propis masculins en alguns parlars.,en Joan,,
Determinant,na,article personal,doña / la (nombre propio fem.),أداة قبل أسماء الإناث,Article personal davant noms propis femenins en alguns parlars.,na Maria,,
Determinant,n’,article personal,n’,ن’,Forma apostrofada de l’article personal davant vocal o h muda.,n’Andreu,,
Determinant,es,article salat,el / los (balear),أداة تعريف لهجية,"Article salat balear; alterna amb sa, ses i s’.",es llibre,,
Determinant,sa,article salat,la (balear),أداة تعريف لهجية,"Article salat femení singular, propi sobretot del balear.",sa casa,,
Determinant,ses,article salat,las (balear),أداة تعريف لهجية,Article salat femení plural.,ses cases,,
Determinant,s’,article salat,el/la (balear),أداة تعريف مع حذف,Forma apostrofada de l’article salat.,s’illa,,
Determinant,aquest / aquesta / aquests / aquestes,demostratiu de proximitat,este / esta / estos / estas,هذا / هذه / هؤلاء,Indica proximitat al parlant.,aquesta casa,,
Determinant,aqueix / aqueixa / aqueixos / aqueixes,demostratiu de proximitat de l’oient,ese / esa / esos / esas,ذلك / تلك,Més viu en valencià; sovint marca proximitat a l’oient.,aqueixa setmana,,
Determinant,aquell / aquella / aquells / aquelles,demostratiu de llunyania,aquel / aquella / aquellos / aquellas,ذلك / تلك / أولئك,Indica llunyania respecte del parlant.,aquell edifici,,
Determinant,el meu / la meva / els meus / les meves,possessiu tònic,mío / mía / míos / mías,ملكي / خاصتي,Normalment va amb article: el meu llibre.,la meva motxilla,,
Determinant,el teu / la teva / els teus / les teves,possessiu tònic,tuyo / tuya / tuyos / tuyas,ملكك / خاصتك,Possessiu de 2a persona singular.,el teu cotxe,,
Determinant,el seu / la seva / els seus / les seves,possessiu tònic,suyo / suya / suyos / suyas,ملكه / ملكها / ملكهم,"Pot ser ambigu: d’ell, d’ella, d’ells o de vostè(s).",la seva feina,,
Determinant,el nostre / la nostra / els nostres / les nostres,possessiu tònic,nuestro / nuestra / nuestros / nuestras,ملكنا / خاصتنا,Possessiu de 1a persona plural.,la nostra escola,,
Determinant,el vostre / la vostra / els vostres / les vostres,possessiu tònic,vuestro / vuestra / vuestros / vuestras,ملككم / خاصتكم,Possessiu de 2a persona plural.,el vostre professor,,
Determinant,mon / ma / mos / mes,possessiu àton (literari),mi / mis,ـي / خاص بي,Forma àtona literària o dialectal; més habitual en registres elevats.,mon pare,,
Determinant,ton / ta / tos / tes,possessiu àton (literari),tu / tus,ـك / خاص بك,Forma àtona de 2a persona singular.,ta mare,,
Determinant,son / sa / sos / ses,possessiu àton (literari),su / sus,ـه / ـها / ـهم,Forma àtona de 3a persona; pot ser ambigua.,sa casa,,
Determinant,algun / alguna / alguns / algunes,indefinit,algún / alguna / algunos / algunas,بعض / أحد,Existència no especificada.,alguna pregunta,,
Determinant,altre / altra / altres,indefinit,otro / otra / otros / otras,آخر / أخرى,També pot funcionar com a adjectiu.,un altre dia,,
Determinant,ambdós / ambdues,quantificador,ambos / ambas,كلا / كلتا,Més formal que tots dos / totes dues.,ambdues opcions,,
Determinant,bastant / bastanta / bastants / bastantes,quantificador,bastante / bastantes,كافٍ / عدد لا بأس به,Quantitat suficient o notable.,bastanta feina,,
Determinant,cada,indefinit distributiu,cada,كلّ,Va davant d’un nom en singular.,cada dia,,
Determinant,cap,indefinit negatiu,ningún / ninguna,لا أيّ / لا ... أي,S’usa sobretot en context negatiu o interrogatiu.,cap problema,,
Determinant,cert / certa / certs / certes,indefinit,cierto / cierta / ciertos / ciertas,بعض / معيّن,Referència no del tot identificada.,certes persones,,
Determinant,qualsevol,indefinit,cualquier,أيّ,Invariable en singular; també pot funcionar com a pronom.,qualsevol dia,,
Determinant,qualsevulla,indefinit (formal / literari),cualquier,أيًّا كان,Variant més formal o literària de qualsevol.,qualsevulla excusa,,
Determinant,qualque,indefinit (balear),algún / alguna,بعض,Variant balear d’algun / alguna.,qualque vegada,,
Determinant,divers / diversa / diversos / diverses,indefinit,diverso / diversa / diversos / diversas,متنوع / عدة,Assenyala pluralitat o varietat.,diverses causes,,
Determinant,mateix / mateixa / mateixos / mateixes,identificador,mismo / misma / mismos / mismas,نفس / ذاته,Pot funcionar com a determinant o com a adjectiu.,la mateixa idea,,
Determinant,tal / tals,identificador,tal / tales,مثل هذا / مثل تلك,Especifica una identitat o qualitat ja coneguda.,tal persona,,
Determinant,tot / tota / tots / totes,quantificador universal,todo / toda / todos / todas,كل / جميع,Universalitza el nom.,tota la classe,,
Determinant,molt / molta / molts / moltes,quantificador,mucho / mucha / muchos / muchas,كثير / كثير من,També pot funcionar com a adverbi.,molta gent,,
Determinant,poc / poca / pocs / poques,quantificador,poco / poca / pocos / pocas,قليل / قليل من,Quantitat petita.,poca aigua,,
Determinant,prou,quantificador,bastante / suficiente,كافٍ,Invariable; indica suficiència.,prou temps,,
Determinant,massa,quantificador,demasiado / demasiada,أكثر من اللازم,Invariable en molts usos; excés.,massa soroll,,
Determinant,gaire,quantificador,mucho / mucho de,كثير,S’usa sobretot en negatives i interrogatives.,gaire feina?,,
Determinant,més,quantificador comparatiu,más,أكثر,Pot ser determinant o adverbi comparatiu.,més temps,,
Determinant,menys,quantificador comparatiu,menos,أقل,Quantitat inferior.,menys problemes,,
Determinant,tant / tanta / tants / tantes,quantificador,tanto / tanta / tantos / tantas,كثير / هذا القدر من,Quantitat o grau; també en correlacions tan... com.,tanta gent,,
Determinant,quant / quanta / quants / quantes,quantificador interrogatiu / exclamatiu,cuánto / cuánta / cuántos / cuántas,كم / كم من,Pregunta o exclama quantitat.,quants llibres?,,
Determinant,quin / quina / quins / quines,determinant interrogatiu / exclamatiu,qué / cuál / qué ...,أيّ / ما,"Pregunta o exclama identitat, mena o qualitat.",quina hora?,,
Determinant,un / una,numeral cardinal,uno / una,واحد / واحدة,Pot coincidir formalment amb l’article indefinit.,un llibre,,
Determinant,dos / dues,numeral cardinal,dos,اثنان / اثنتان,Català diferencia masculí i femení en el numeral ‘dos’.,dues cases,,
Determinant,tres,numeral cardinal,tres,ثلاثة,Numeral invariable.,tres dies,,
Determinant,quatre,numeral cardinal,cuatro,أربعة,Numeral invariable.,quatre setmanes,,
Determinant,cinc,numeral cardinal,cinco,خمسة,Numeral invariable.,cinc persones,,
Determinant,sis,numeral cardinal,seis,ستة,Numeral invariable.,sis anys,,
Determinant,set,numeral cardinal,siete,سبعة,Numeral invariable.,set dies,,
Determinant,vuit,numeral cardinal,ocho,ثمانية,Numeral invariable.,vuit hores,,
Determinant,nou,numeral cardinal,nueve,تسعة,Numeral invariable.,nou mesos,,
Determinant,deu,numeral cardinal,diez,عشرة,Numeral invariable.,deu minuts,,
Determinant,primer / primera,numeral ordinal,primero / primera,الأول / الأولى,Ordinal més freqüent.,el primer dia,,
Determinant,segon / segona,numeral ordinal,segundo / segunda,الثاني / الثانية,Forma ordinal bàsica.,la segona vegada,,
Determinant,tercer / tercera,numeral ordinal,tercero / tercera,الثالث / الثالثة,Davant el nom sovint: tercer pis.,tercer capítol,,
Determinant,quart / quarta,numeral ordinal,cuarto / cuarta,الرابع / الرابعة,Forma ordinal.,quarta planta,,
Determinant,cinquè / cinquena,numeral ordinal,quinto / quinta,الخامس / الخامسة,Forma ordinal; pot alternar amb quinta en alguns usos.,cinquena setmana,,
Determinant,darrer / darrera,ordenador,último / último de una serie,الأخير,Molt usat per ‘l’últim’ dins una sèrie ordenada.,la darrera pàgina,,
Adjectiu,baix / baixa,altres,bajo / baja,منخفض / قصير,As in de classe baixa.,a baix,,
Adjectiu,enorme,altres,enorme,ضخم,As in ulls enormes.,Té uns ulls enormes.,,
Adjectiu,físic / física,altres,físico / física,جسدي,Also used in aspecte físic.,"Descriure i comparar persones (aspecte físic, caràcter i estat d'ànim).",,
Adjectiu,mateix / mateixa,altres,mismo / misma,نفسه / نفسها,Often appears in comparisons.,"Parlar de fets i experiències del passat, i explicar propòsits i plans de futur, tant d'un mateix com d'altres persones.",,
Adjectiu,oprimit / oprimida,altres,oprimido / oprimida,مضطهد,From the poem.,Parla d’una nació oprimida.,,
Adjectiu,rebel,altres,rebelde,متمرّد,,I el tèrbol atzur de ser tres voltes rebel.,,
Adjectiu,alt / alta,aparença,alto / alta,طويل القامة,,La Gisela és tan alta com la seva mare.,,
Adjectiu,arrissat / arrissada,aparença,rizado / rizada,مجعّد,,La Fàtima és més arrissada que la Gisela.,,
Adjectiu,bessó / bessona,aparença,gemelo / gemela,توأم,Used for twin siblings.,La Nina és la meva germana bessona.,,
Adjectiu,castany / castanya,aparença,castaño / castaña,بنيّ,Often used for hair color.,Té els cabells castanys.,,
Adjectiu,clar / clara,aparença,claro / clara,فاتح / واضح,Can describe eye color too.,"Quan hi ha subjecte clar (jo, tu, ell, nosaltres...), el verb haver es conjuga segons la persona.",,
Adjectiu,gran,aparença,grande,كبير,,"…a jaqueta negra de cuir és el meu germà gran. Es diu Tomàs, té 29 anys i treballa en una empresa de publicitat. La seva pare…",,
Adjectiu,gris,aparença,gris,رمادي,Invariable in gender in many contexts.,Ara els cabells se li han tornat grisos.,,
Adjectiu,llarg / llarga,aparença,largo / larga,طويل / طويلة,,llarg,,
Adjectiu,moreno / morena,aparença,moreno / morena,أسمر,,"…criatura, l'Àlex, de tres anys. És molt moreno i té uns ulls enormes i preciosos. Tinc dos germans més: el petit, el Miquel, q…",,
Adjectiu,negre / negra,aparença,negro / negra,أسود / سوداء,,ple negre sec content gruixut,,
Adjectiu,petit / petita,aparença,pequeño / pequeña,صغير / صغيرة,,"…s i preciosos. Tinc dos germans més: el petit, el Miquel, que no surt a les fotos, i la Nina, la meva germana bessona, que és…",,
Adjectiu,preciós / preciosa,aparença,precioso / preciosa,جميل جدًا,,Té uns ulls preciosos.,,
Adjectiu,punxegut / punxeguda,aparença,puntiagudo / puntiaguda,مدبّب,,menys… que: Used to show something is smaller/lower. → La Fàtima té el nas menys punxegut que la Gisela - less pointy nose,,
Adjectiu,retallat / retallada,aparença,recortado / recortada,مشذّب / مقصوص,As in barba ben retallada.,Duu la barba ben retallada.,,
Adjectiu,ros / rossa,aparença,rubio / rubia,أشقر,,Tenen els cabells rossos.,,
Adjectiu,amoïnat / amoïnada,estats d’ànim,preocupado / preocupada,قلِق / مهموم,,Estic amoïnada perquè el nen té febre.,,
Adjectiu,avorrit / avorrida,estats d’ànim,aburrido / aburrida,مَلول / ضَجِر,,Add -s when the word ends in a consonant: avorrit → avorrits,,
Adjectiu,cansat / cansada,estats d’ànim,cansado / cansada,متعب / متعبة,,"Devia arribar tard, ahir al vespre, perquè avui està molt cansat.",,
Adjectiu,content / contenta,estats d’ànim,contento / contenta,سعيد / سعيدة,Used with estar.,Emotional states → use ESTAR estic content/a – happy,,
Adjectiu,distret / distreta,estats d’ànim,distraído / distraída,شارد / مشتّت,,Els alumnes semblen distrets.,,
Adjectiu,eufòric / eufòrica,estats d’ànim,eufórico / eufórica,مبتهج جدًا,,"masc. sing.: -_ (sense -a) → content (m. sg.), eufòric",,
Adjectiu,feliç,estats d’ànim,feliz,سعيد,Singular form does not change for masculine/feminine.,un noi feliç,,
Adjectiu,irritat / irritada,estats d’ànim,irritado / irritada,منزعج / مستثار,,"Irritat, relaxat",,
Adjectiu,neguitós / neguitosa,estats d’ànim,inquieto / inquieta,قلِق / متوتّر,,neguitós (m. sg.),,
Adjectiu,nerviós / nerviosa,estats d’ànim,nervioso / nerviosa,عصبي / متوتّر,,Altres similars: nerviós / nerviosa → nerviosos / nervioses,,
Adjectiu,relaxat / relaxada,estats d’ànim,relajado / relajada,مسترخٍ,,"Irritat, relaxat",,
Adjectiu,tranquil / tranquil·la,estats d’ànim,tranquilo / tranquila,هادئ / هادئة,,"Marta, sembles tranquil·la. Ho estàs?→ Marta, you look calm. Are you?",,
Adjectiu,digne,morfologia,digno / digna,جدير,Form changes by gender in examples.,Digne - digna,,
Adjectiu,diví / divina,morfologia,divino / divina,إلهي,Used in the plural-formation example.,Add -ns when it ends in an accented vowel: diví → divins,,
Adjectiu,guapo / guapa,morfologia,guapo / guapa,وسيم / جميلة,Used in the notes for gender formation.,Guapo - guapa,,
Adjectiu,perillós / perillosa,morfologia,peligroso / peligrosa,خطير,Included because the notes use it to show adjective endings.,Afegim -a: perillós - perillosa,,
Adjectiu,adequat / adequada,qualitat,adecuado / adecuada,مناسب,,Les explicacions ens van semblar adequades.,,
Adjectiu,bo / bona,qualitat,bueno / buena,جيّد / جيّدة,,"El sopar sembla bo, però no ho és gens!→ Dinner looks good, but it isn't at all!",,
Adjectiu,bàsic / bàsica,qualitat,básico / básica,أساسي,,És un curs bàsic de català.,,
Adjectiu,cultural,qualitat,cultural,ثقافي,,M’agraden les activitats culturals.,,
Adjectiu,còmode,qualitat,cómodo,مريح,,Aquella cadira sembla còmoda.,,
Adjectiu,difícil,qualitat,difícil,صعب,,Sembla difícil. Parece difícil. يبدو صعبًا,,
Adjectiu,domèstic / domèstica,qualitat,doméstico / doméstica,منزلي,,Ha tingut un incident domèstic.,,
Adjectiu,educatiu / educativa,qualitat,educativo / educativa,تعليمي,,Parlen d’etapes educatives diferents.,,
Adjectiu,especial,qualitat,especial,خاص,,Cada habitació té finestres. Cada membre de la meva família és especial.,,
Adjectiu,fred / freda,qualitat,frío / fría,بارد,As in decoració molt freda.,"…tenir son (sleepy), tenir calor / tenir fred, tenir mal de cap / mal de panxa / mal de coll.",,
Adjectiu,general,qualitat,general,عام,,Objectiu general del curs,,
Adjectiu,interessant,qualitat,interesante,مثير للاهتمام,,…·lícula que vam mirar ahir semblava més interessant que l'anunciaven. → The movie we watched yesterday seemed more interesting than…,,
Adjectiu,laboral,qualitat,laboral,مهني / متعلّق بالعمل,,És un àmbit laboral molt exigent.,,
Adjectiu,mèdic / mèdica,qualitat,médico / médica,طبّي,As adjective; as noun too.,Tinc una visita mèdica demà.,,
Adjectiu,popular,qualitat,popular,شعبي,,És una celebració popular.,,
Adjectiu,professional,qualitat,profesional,احترافي,Can be adjective or noun.,Sembla una persona molt professional.,,
Adjectiu,puntual,qualitat,puntual,منضبط في الوقت,Common in s’ha d’arribar puntual.,S'ha de + infinitiu (singular) - S'ha d'arribar puntual. - Hay que llegar puntual.,,
Adjectiu,quotidià / quotidiana,qualitat,cotidiano / cotidiana,يومي,,Són interaccions quotidianes senzilles.,,
Adjectiu,real,qualitat,real,حقيقي,,La disfressa és tan real que sembla un pirata de debò.→ The costume is so real that it looks like a real pirate.,,
Adjectiu,senzill / senzilla,qualitat,sencillo / sencilla,بسيط,,Hem d’escriure un correu electrònic senzill.,,
Adjectiu,,,,,,,,
Adjectiu,curt / curta,mida,corto / corta,قصير / قصيرة,From vocabulary table.,,,
Adjectiu,estret / estreta,mida,estrecho / estrecha,ضيق / ضيقة,From vocabulary table.,,,
Adjectiu,ample,mida,ancho / amplia,واسع,From vocabulary table.,,,
Adjectiu,gruixut / gruixuda,mida,grueso / gruesa,سميك / سميكة,From vocabulary table.,,,
Adjectiu,nou / nova,edat i estat,nuevo / nueva,جديد / جديدة,From vocabulary table.,,,
Adjectiu,vell / vella,edat i estat,viejo / vieja,قديم / عجوز,From vocabulary table.,,,
Adjectiu,net / neta,estat,limpio / limpia,نظيف / نظيفة,From vocabulary table.,,,
Pronom,jo,pronom personal tònic (subjecte),yo,أنا,Forma subjecte de 1a persona singular.,jo parlo català,,
Pronom,mi,pronom personal tònic (després de preposició),mí,أنا / إياي,"S’usa darrere preposició: a mi, per a mi.",a mi m’agrada,,
Pronom,tu,pronom personal tònic,tú,أنتَ / أنتِ,Serveix com a subjecte i darrere de moltes preposicions.,tu estudies,,
Pronom,ell,pronom personal tònic,él,هو,3a persona masculina singular.,ell treballa,,
Pronom,ella,pronom personal tònic,ella,هي,3a persona femenina singular.,ella viu aquí,,
Pronom,nosaltres,pronom personal tònic,nosotros / nosotras,نحن,1a persona plural.,nosaltres anem,,
Pronom,vosaltres,pronom personal tònic,vosotros / vosotras,أنتم / أنتن,2a persona plural.,vosaltres sabeu,,
Pronom,ells,pronom personal tònic,ellos,هم,3a persona masculina o mixta plural.,ells arriben,,
Pronom,elles,pronom personal tònic,ellas,هنّ,3a persona femenina plural.,elles estudien,,
Pronom,vostè,tractament,usted,حضرتك,Pronom de tractament formal; concorda habitualment amb 3a persona.,vostè vol cafè?,,
Pronom,vostès,tractament,ustedes,حضراتكم,Tractament formal plural.,vostès tenen raó,,
Pronom,si,pronom reflexiu tònic,sí,نفسه / نفسها / أنفسهم,S’usa amb valor reflexiu després de preposició.,parla de si mateix,,
Pronom,hom,pronom indefinit,uno / se,المرء / الإنسان,Molt formal o literari; equivalent aproximat a ‘one’.,hom diu que...,,
Pronom,u / una,pronom indefinit,uno / una,واحد / واحدة,Pot referir-se a una persona no especificada.,quan un estudia...,,
Pronom,em / m’ / ’m / me,pronom feble de 1a persona singular,me,ني / لي,La forma canvia segons la posició i l’apòstrof.,"m’agrada, mira’m",,
Pronom,ens / ’ns / nos,pronom feble de 1a persona plural,nos,نا,"Formes proclítica, enclítica i reforçada.","ens veuen, veure’ns",,
Pronom,et / t’ / ’t / te,pronom feble de 2a persona singular,te,ك / لك,Objecte o valor reflexiu.,"t’escric, mira’t",,
Pronom,us / vos,pronom feble de 2a persona plural,os,كم / لكم,Pot ser objecte o reflexiu.,us truquen,,
Pronom,es / s’ / ’s / se,pronom feble reflexiu de 3a persona,se,نفسه / نفسها / أنفسهم,Reflexiu i també recíproc.,"s’aixeca, pentinar-se",,
Pronom,el / l’ / ’l / lo,pronom feble de complement directe masculí singular,lo / le,إياه / ـه,Substitueix un CD masculí singular.,"el veig, veure’l",,
Pronom,la / l’,pronom feble de complement directe femení singular,la,إياها / ـها,"No s’apostrofa davant i/u àtones: la hi, la utilitzo.",la veig,,
Pronom,els / ’ls / los,pronom feble de complement directe masculí plural,los,إياهم / ـهم,Substitueix un CD masculí plural.,els veig,,
Pronom,les,pronom feble de complement directe femení plural,las,إياهن / ـهن,Substitueix un CD femení plural.,les veig,,
Pronom,li,pronom feble de complement indirecte singular,le,له / لها,Complement indirecte singular.,li escric,,
Pronom,els / los,pronom feble de complement indirecte plural,les / les,لهم / لهن,Complement indirecte plural; en llengua col·loquial sovint coincideix amb formes de CD.,els dono el llibre,,
Pronom,ho,pronom feble neutre,lo,ذلك / هذا الأمر,"Substitueix una idea, atribut o oració sencera.",no ho sé,,
Pronom,en / n’ / ’n / ne,pronom feble partitiu o de complement amb de,de ello / de eso / en,منه / منها / من ذلك,Substitueix complements introduïts per de o quantitats.,"en tinc dos, me’n recordo",,
Pronom,hi,pronom feble locatiu / adverbial,allí / en ello,هناك / فيه,Substitueix lloc o certs complements preposicionals.,"hi vaig, hi penso",,
Pronom,això,pronom demostratiu neutre,esto,هذا,Fa referència a una cosa o idea propera o present al discurs.,això és important,,
Pronom,açò,pronom demostratiu neutre (valencià),esto,هذا,Variant molt viva en valencià.,açò no m’agrada,,
Pronom,allò,pronom demostratiu neutre,aquello,ذلك,Designa una realitat més llunyana o ja esmentada.,allò era difícil,,
Pronom,aquest / aquesta / aquests / aquestes,pronom demostratiu,este / esta / estos / estas,هذا / هذه / هؤلاء,"Quan apareix sense nom exprés, funciona com a pronom.",aquest és meu,,
Pronom,aqueix / aqueixa / aqueixos / aqueixes,pronom demostratiu,ese / esa / esos / esas,ذلك / تلك,Més propi del valencià.,aqueixa no,,
Pronom,aquell / aquella / aquells / aquelles,pronom demostratiu,aquel / aquella / aquellos / aquellas,ذلك / تلك / أولئك,Designa llunyania.,aquells van arribar,,
Pronom,el meu / la meva / els meus / les meves,pronom possessiu,el mío / la mía / los míos / las mías,ملكي / خاصتي,Normalment porta article.,el meu és blau,,
Pronom,el teu / la teva / els teus / les teves,pronom possessiu,el tuyo / la tuya / los tuyos / las tuyas,ملكك / خاصتك,Forma possessiva pronominal.,la teva és aquí,,
Pronom,el seu / la seva / els seus / les seves,pronom possessiu,el suyo / la suya / los suyos / las suyas,ملكه / ملكها / ملكهم,Pot ser ambigu; el context aclareix el possessor.,els seus són lluny,,
Pronom,el nostre / la nostra / els nostres / les nostres,pronom possessiu,el nuestro / la nuestra / los nuestros / las nuestras,ملكنا / خاصتنا,1a persona plural.,la nostra és gran,,
Pronom,el vostre / la vostra / els vostres / les vostres,pronom possessiu,el vuestro / la vuestra / los vuestros / las vuestras,ملككم / خاصتكم,2a persona plural.,el vostre és nou,,
Pronom,algú,pronom indefinit,alguien,أحد / شخص ما,Persona no especificada.,algú truca,,
Pronom,ningú,pronom indefinit negatiu,nadie,لا أحد,Negatiu o polar.,no ve ningú,,
Pronom,res,pronom indefinit negatiu,nada,لا شيء,Equival a ‘cap cosa’.,no veig res,,
Pronom,tothom,pronom indefinit,todo el mundo,الجميع,Fa referència a totes les persones.,tothom ho sap,,
Pronom,tot,pronom indefinit,todo,كل شيء / الجميع,"Pot referir-se a coses o, amb article, a la totalitat.",ho vull tot,,
Pronom,cadascú,pronom indefinit distributiu,cada uno,كل واحد,Distribueix individualment.,cadascú fa el seu camí,,
Pronom,cada u,pronom indefinit distributiu,cada uno,كل واحد,Variant gràfica de cadascú en certs contextos.,cada u té la seva opinió,,
Pronom,qualsevol,pronom indefinit,cualquiera,أيّ شخص / أيّ شيء,Pot referir-se a persones o coses.,qualsevol pot aprendre,,
Pronom,qualsevulla,pronom indefinit (formal / literari),cualquiera,أيًّا كان,Variant formal o literària.,qualsevulla ho entendria,,
Pronom,qualcú,pronom indefinit (balear),alguien,شخص ما,Variant balear d’algú.,qualcú ha vingut,,
Pronom,que,pronom relatiu,que,الذي / التي / الذي…,Relatiu més general; pot referir-se a persones o coses.,la noia que canta,,
Pronom,què,pronom interrogatiu / relatiu fort,qué,ماذا / ما,"Sovint després de preposició: amb què, de què.",de què parles?,,
Pronom,qui,pronom interrogatiu / relatiu,quién / quien,من / الذي,Per a persones.,qui és?,,
Pronom,on,pronom relatiu / interrogatiu de lloc,donde,أين / حيث,Fa referència a lloc.,on vius?,,
Pronom,el qual / la qual / els quals / les quals,pronom relatiu,el cual / la cual / los cuales / las cuales,الذي / التي / الذين / اللواتي,Més formal; especialment útil després de preposició o per evitar ambigüitat.,la ciutat en la qual viu,,
Pronom,la qual cosa,pronom relatiu complex,lo cual,الأمر الذي,Recull una idea anterior sencera.,"va arribar tard, la qual cosa ens va sorprendre",,
Pronom,quant / quanta / quants / quantes,pronom interrogatiu / exclamatiu,cuánto / cuánta / cuántos / cuántas,كم / كم من,Pregunta o exclama quantitat sense nom exprés.,quants en vols?,,
Pronom,un altre / una altra / uns altres / unes altres,pronom indefinit,otro / otra / otros / otras,آخر / أخرى,Pot funcionar sense nom exprés.,en vull un altre,,
Pronom,mateix / mateixa / mateixos / mateixes,pronom emfàtic / identificador,mismo / misma / mismos / mismas,نفسه / نفسها,En català sovint apareix amb article o reforçant un nom.,el mateix passa,,
adverbi,en el fons,dubte i actitud,en el fondo,في العمق / في الحقيقة,Useful discourse locution.,en el fons = deep down,,
adverbi,no,dubte i actitud,no,لا,Negative adverb.,"…s germans més: el petit, el Miquel, que no surt a les fotos, i la Nina, la meva germana bessona, que és aquesta noia dels …",,
adverbi,pas,dubte i actitud,en absoluto / partícula enfática,بتاتًا,Reinforces negation in some varieties/contexts.,No n'anava pas.,,
adverbi,potser,dubte i actitud,quizá / tal vez,ربما,Adverb of possibility.,…om a mínim...). Adverbi de possibilitat potser.,,
adverbi,sí,dubte i actitud,sí,نعم,Affirmative adverb.,"Tens pa? → Sí, en tinc.",,
adverbi,allí,lloc,allí,هناك,,ES: No iba allí / no iba.,,
adverbi,aquí,lloc,aquí,هنا,,"""en"" aquí és un pronom feble partitiu.",,
adverbi,dalt de tot,lloc,arriba del todo,في الأعلى تمامًا,Adverbial locution.,"… diàriament...); de lloc (damunt/sobre, dalt de tot...); de manera (malament, de cop...); de quantitat (almenys, com a mínim...). A…",,
adverbi,damunt,lloc,encima,فوق,Can also appear in the locution damunt de.,"… havent dinat, diàriament...); de lloc (damunt/sobre, dalt de tot...); de manera (malament, de cop...); de quantitat (almenys,…",,
adverbi,bé,manera,bien,جيدًا,Very common adverb.,"Conjuncions i locucions conjuntives: o... o, o bé, doncs i per tant.",,
adverbi,de cop,manera,de golpe / de repente,فجأة,Adverbial locution.,"…, dalt de tot...); de manera (malament, de cop...); de quantitat (almenys, com a mínim...). Adverbi de possibilitat potser.",,
adverbi,de debò,manera,de verdad,حقًا,Adverbial locution.,La disfressa és tan real que sembla un pirata de debò.→ The costume is so real that it looks like a real pirate.,,
adverbi,malament,manera,mal,بشكل سيّئ,,"…munt/sobre, dalt de tot...); de manera (malament, de cop...); de quantitat (almenys, com a mínim...). Adverbi de possibilitat po…",,
adverbi,plegats,manera,juntos,معًا,As in van anar a comprar plegats.,"…i fas res interessant, avisa'm i ho fem plegats. (condicional)",,
adverbi,almenys,quantitat,al menos,على الأقل,,"…ra (malament, de cop...); de quantitat (almenys, com a mínim...). Adverbi de possibilitat potser.",,
adverbi,com a mínim,quantitat,como mínimo,على الأقل,Adverbial locution.,"…ent, de cop...); de quantitat (almenys, com a mínim...). Adverbi de possibilitat potser.",,
adverbi,força,quantitat,bastante,إلى حدٍّ ما / قدر لا بأس به,,…o). prou(enough-suficiente / bastante). Força (quite a lot / fairly much-bastante / bastante mucho).,,
adverbi,gaire,quantitat,mucho,كثيرًا,Usually in negatives or questions.,Gaire: Means much / many in negative or questions.,,
adverbi,gens,quantitat,nada / nada de,إطلاقًا / أيّ,Used with uncountable nouns or as emphatic negative adverb.,li costa = it's hard for him/her no li costa gens = not hard at all,,
adverbi,massa,quantitat,demasiado,أكثر من اللازم,,N'hem comprat dos quilos. N'hem comprat massa.,,
adverbi,menys,quantitat,menos,أقل,,menys… que: Used to show something is smaller/lower. → La Fàtima té el nas menys punxegut que la Gisela - less pointy nose,,
adverbi,molt,quantitat,muy / mucho,جدًا / كثيرًا,Can be adverb or determiner depending on structure.,"… una criatura, l'Àlex, de tres anys. És molt moreno i té uns ulls enormes i preciosos. Tinc dos germans més: el petit, el Mi…",,
adverbi,més,quantitat,más,أكثر,,…l tema d'interès general. Comprendre el més essencial d'informacions generals emeses pels mitjans de comunicació. Escriure …,,
adverbi,poc,quantitat,poco,قليلًا,Can be adverb or determiner.,Alguns NO canvien en masculí/femení (o canvien molt poc).,,
adverbi,prou,quantitat,bastante / suficiente,بما فيه الكفاية,,amb prou feines hi cabia,,
adverbi,tant,quantitat,tan / tanto,إلى هذا الحد / كثيرًا,In tan... com and quantity structures.,"…ncies lingüístiques pròpies del nivell, tant orals com escrites.",,
adverbi,abans,temps,antes,قبل,Can also be part of the locution abans de.,… explicar accions habituals del passat: Abans no parlava català. Fa molts anys vivia en un poble petit. Quan era petita anava…,,
adverbi,ahir,temps,ayer,أمس,,"Ahir a la tarda, semblava que plouria, però al final no ho va fer. → Yesterday after…",,
adverbi,al final,temps,al final,في النهاية,Adverbial locution.,"… a la tarda, semblava que plouria, però al final no ho va fer. → Yesterday afternoon, it looked like it was going to rain, but i…",,
adverbi,ara,temps,ahora,الآن,,"Entendre i donar instruccions senzilles (oralment i per escrit) com ara preparar una festa, enviar algú a comprar...",,
adverbi,avui,temps,hoy,اليوم,,"Avui, en veure'l, m'ha semblat que estava content. → Today, when I saw him, it seemed to me that he was happy.",,
adverbi,demà,temps,mañana,غدًا,,Demà anem a casa dels avis. (Nosaltres ens desplacem cap al lloc on són els avis.),,
adverbi,després,temps,después,بعد,Can also be part of després de.,… primer vaig viure a casa d'uns cosins. Després vaig aconseguir feina i al cap de poc vaig trobar un pis de lloguer molt bé de …,,
adverbi,diàriament,temps,diariamente,يوميًا,,"…rbials: de temps (sovint, havent dinat, diàriament...); de lloc (damunt/sobre, dalt de tot...); de manera (malament, de cop...); d…",,
adverbi,encara,temps,todavía / aún,ما زال / لا يزال,,Usem el perfet per parlar d'accions del passat que encara tenen relació amb el present.,,
adverbi,ja,temps,ya,قد / بالفعل / الآن,Meaning depends on context.,"…re ha estat molt moreno. Ara, però, que ja té prop dels seixanta anys, els cabells se li han tornat grisos. Ah, la mare es…",,
adverbi,mai,temps,nunca,أبدًا,Often used as mai no in standard negative emphasis.,Mai no - Never,,
adverbi,primer,temps,primero,أولًا,Adverb in sequencing.,"…passats: Quan vaig arribar a Catalunya, primer vaig viure a casa d'uns cosins. Després vaig aconseguir feina i al cap de poc v…",,
adverbi,sempre,temps,siempre,دائمًا,,"…altres som més alts. El pare, en canvi, sempre ha estat molt moreno. Ara, però, que ja té prop dels seixanta anys, els cabells…",,
adverbi,sovint,temps,a menudo,غالبًا,Listed in the notes as an adverb of time.,"…erbis i locucions adverbials: de temps (sovint, havent dinat, diàriament...); de lloc (damunt/sobre, dalt de tot...); de maner…",,
adverbi,,,,,,,,
adverbi,llavors,temps / connector,entonces,إذًا / حينئذ / عندها,"Strictly it is often an adverb of time, but it also works very often as a discourse connector.",des de llavors,,
adverbi,des de llavors,locució adverbial de temps,desde entonces,منذ ذلك الحين,Explicit in Unit 4.8.,Va marxar el 2020 i no l’he vist des de llavors.,,
adverbi,algun cop l’any,temps,alguna vez al año,مرة في السنة,From adverbial-time table.,,,
adverbi,des de ben d’hora,temps,desde muy temprano,منذ وقت مبكر جدًا,From adverbial-time table.,,,
adverbi,durant la jornada,temps,durante la jornada,خلال اليوم,From adverbial-time table.,,,
adverbi,ben tard,temps,muy tarde,متأخرًا جدًا,From adverbial-time table.,,,
adverbi,avui dia,temps,hoy en día,في الوقت الحاضر,From adverbial-time table.,,,
adverbi,havent dinat,temps,después de comer,بعد الغداء,From adverbial-time table.,,,
adverbi,havent sopat,temps,después de cenar,بعد العشاء,From adverbial-time table.,,,
adverbi,a mig matí,temps,a media mañana,في منتصف الصباح,From adverbial-time table.,,,
adverbi,al migdia,temps,al mediodía,عند الظهر,From adverbial-time table.,,,
adverbi,a la tarda,temps,por la tarde,بعد الظهر,From adverbial-time table.,,,
adverbi,al vespre,temps,por la tarde/noche,مساءً,From adverbial-time table.,,,
adverbi,a mitjanit,temps,a medianoche,عند منتصف الليل,From adverbial-time table.,,,
adverbi,al mig,lloc,en medio,في الوسط,From adverbial-place table.,,,
adverbi,una mica més lluny,lloc,un poco más lejos,أبعد قليلًا,From adverbial-place table.,,,
adverbi,prou a prop,lloc,bastante cerca,قريب بما يكفي,From adverbial-place table.,,,
adverbi,enlloc,lloc,en ningún lugar,في أي مكان / لا مكان,From opposite-pairs table.,,,
adverbi,per tot arreu,lloc,por todas partes,في كل مكان,From opposite-pairs table.,,,
adverbi,davant,lloc,delante,أمام,From opposite-pairs table.,,,
adverbi,darrere,lloc,detrás,خلف,From opposite-pairs table.,,,
preposició,a,preposició simple,a,إلى / في / لـ,"Marca direcció, destinatari, temps puntual i molts complements. Es contrau amb l’article masculí: al, als.",vaig a casa,,
preposició,amb,preposició simple,con,مع / بواسطة,"Companyia, instrument o manera.",amb els amics,,
preposició,de,preposició simple,de,من / لـ / عن,"Origen, possessió, matèria, tema, partitiu. Es contrau/apostrofa: del, dels, d’.",de Barcelona,,
preposició,en,preposició simple,en,في / على,"Interioritat, temps, manera i alguns règims verbals.",en català,,
preposició,per,preposició simple,por / para,"Causa, mitjà, distribució, agent i recorregut; forma moltes locucions.",fet per mi,,,
preposició,per a,preposició composta,para,لـ / من أجل,Finalitat o destinació; en molts parlars es neutralitza amb per.,un regal per a tu,,
preposició,sense,preposició simple,sin,من دون / بدون,Absència o mancança.,sense sucre,,
preposició,contra,preposició simple,contra,ضد,Oposició o contacte.,contra el mur,,
preposició,entre,preposició simple,entre,بين,Posició intermèdia o participació conjunta.,entre nosaltres,,
preposició,durant,preposició simple,durante,أثناء,Temps al llarg d’un període.,durant l’estiu,,
preposició,fins,preposició simple,hasta,حتى,Límit; sovint es reforça amb a: fins a.,fins demà,,
preposició,segons,preposició simple,según,بحسب,"Font, punt de vista o criteri.",segons ell,,
preposició,malgrat,preposició simple,a pesar de,رغم,Concessió; també pot introduir subordinades amb que.,malgrat la pluja,,
preposició,vers,preposició simple,hacia,نحو,Direcció; més formal o literària que cap a.,vers el nord,,
preposició,envers,preposició simple,hacia / respecto a,تجاه,Actitud o relació envers algú o alguna cosa.,envers els altres,,
preposició,vora,preposició simple,junto a / al lado de,بجانب,Proximitat física.,vora el riu,,
preposició,via,preposició simple,vía,عبر / عن طريق,"Mitjà o camí, sovint en registres tècnics.",via internet,,
preposició,abans de,locució prepositiva,antes de,قبل,Anterioritat temporal o lògica.,abans de sopar,,
preposició,després de,locució prepositiva,después de,بعد,Posterioritat temporal.,després de classe,,
preposició,des de,locució prepositiva,desde,منذ / من,Punt d’origen temporal o espacial.,des de casa,,
preposició,d’ençà de,locució prepositiva,desde,منذ,Més formal; origen temporal fins al present.,d’ençà de llavors,,
preposició,fins a,locució prepositiva,hasta,حتى,"Límit espacial, temporal o quantitatiu.",fins a les vuit,,
preposició,cap a,locució prepositiva,hacia,نحو,Direcció aproximada.,cap a casa,,
preposició,prop de,locució prepositiva,cerca de / junto a,قرب,Proximitat.,prop de l’estació,,
preposició,a prop de,locució prepositiva,cerca de,بالقرب من,Equivalent reforçat de prop de.,a prop del mar,,
preposició,lluny de,locució prepositiva,lejos de,بعيدًا عن,Llunyania física o figurada.,lluny del centre,,
preposició,davant de,locució prepositiva,delante de,أمام,Posició frontal.,davant de la porta,,
preposició,darrere de,locució prepositiva,detrás de,خلف,Posició posterior.,darrere de casa,,
preposició,rere,preposició simple / literària,tras / detrás de,وراء,Variant més literària o formal de darrere de.,rere la finestra,,
preposició,damunt de,locució prepositiva,encima de,فوق,Posició a sobre amb contacte o proximitat.,damunt de la taula,,
preposició,sobre,preposició simple,sobre,على / حول,Posició superior o tema de què es parla.,un llibre sobre salut,,
preposició,sota,preposició simple,debajo de / bajo,تحت,Posició inferior.,sota el llit,,
preposició,dessota de,locució prepositiva,debajo de,تحت,Variant reforçada i més literària de sota.,dessota de l’arbre,,
preposició,dins de,locució prepositiva,dentro de,داخل,Interioritat.,dins de l’armari,,
preposició,dintre de,locució prepositiva,dentro de,داخل,Variant equivalent de dins de.,dintre de la caixa,,
preposició,fora de,locució prepositiva,fuera de,خارج,Exterioritat o exclusió.,fora de casa,,
preposició,al voltant de,locució prepositiva,alrededor de,حول,Circumferència o tema aproximat.,al voltant de la plaça,,
preposició,entorn de,locució prepositiva,en torno a,حول,Voltants físics o tema aproximat.,entorn del problema,,
preposició,al costat de,locució prepositiva,al lado de,إلى جانب,Contigüitat lateral.,al costat de l’escola,,
preposició,a tocar de,locució prepositiva,pegado a / muy cerca de,ملاصق لـ / قريب جدًا من,Molta proximitat.,a tocar de la platja,,
preposició,al mig de,locució prepositiva,en medio de,في وسط,Posició central.,al mig del carrer,,
preposició,a través de,locució prepositiva,a través de,من خلال,Pas o medi.,a través del vidre,,
preposició,per mitjà de,locució prepositiva,por medio de,بواسطة,Mitjà o procediment.,per mitjà d’un correu,,
preposició,mitjançant,preposició simple / formal,mediante,عن طريق / بواسطة,Registre més formal.,mitjançant una beca,,
preposició,en lloc de,locució prepositiva,en lugar de,بدلًا من,Substitució.,en lloc de cafè,,
preposició,en comptes de,locució prepositiva,en vez de,بدلًا من,Alternativa a en lloc de.,en comptes de sortir,,
preposició,a causa de,locució prepositiva,a causa de,بسبب,Causa.,a causa de la pluja,,
preposició,per culpa de,locució prepositiva,por culpa de,بسبب / بخطأ,Causa amb matís negatiu.,per culpa del trànsit,,
preposició,gràcies a,locució prepositiva,gracias a,بفضل,Causa amb valor positiu.,gràcies a tu,,
preposició,arran de,locució prepositiva,a raíz de,على إثر / بسبب,Conseqüència o origen immediat.,arran de l’accident,,
preposició,respecte a,locució prepositiva,respecto a,بخصوص,Tema o relació.,respecte a aquest punt,,
preposició,pel que fa a,locució prepositiva,en cuanto a,فيما يخصّ,Locució temàtica molt freqüent.,pel que fa a la feina,,
preposició,quant a,locució prepositiva,en cuanto a,أما بالنسبة إلى,Locució formal per introduir tema.,quant al pressupost,,
preposició,d’acord amb,locució prepositiva,de acuerdo con,وفقًا لـ / بحسب,Conformitat amb una norma o criteri.,d’acord amb la llei,,
preposició,juntament amb,locució prepositiva,junto con,مع,Companyia; més formal que amb.,juntament amb la família,,
preposició,excepte,preposició simple,excepto,باستثناء,Exclusió.,excepte diumenge,,
preposició,llevat de,locució prepositiva,salvo / excepto,باستثناء,Exclusió; també base de construccions concessives o condicionals.,llevat de tu,,
preposició,tret de,locució prepositiva,salvo / excepto,عدا / باستثناء,Exclusió; molt productiva en registres formals.,tret d’un error,,
preposició,de cara a,locució prepositiva,de cara a,بهدف / تجاه,"Orientació, perspectiva o finalitat.",de cara al futur,,
preposició,,,,,,,,
preposició,amb relació a,locució prepositiva,en relación con,فيما يتعلق بـ,From Unit 4 notes.,Us escric amb relació a l’anunci.,,
preposició,al fons de,locució prepositiva,al fondo de,في نهاية / في آخر,From Unit 4 notes.,La botiga és al fons del carrer.,,
preposició,pel,contracció,por el,بالـ / عبر الـ,Contraction of per + el.,Passarem pel pont.,,
preposició,pels,contracció,por los,بـ / عبر الـ (جمع),Contraction of per + els.,,,
conjunció,i,coordinant copulativa,y,و,Afegeix elements o oracions.,pa i formatge,,
conjunció,ni,coordinant copulativa negativa,ni,ولا,Coordina en context negatiu.,ni menja ni beu,,
conjunció,o,coordinant disjuntiva,o,أو,Ofereix alternativa.,cafè o te,,
conjunció,o bé,coordinant disjuntiva,o bien,أو أيضًا / أو بالأحرى,Variant més explícita o formal de o.,vine avui o bé demà,,
conjunció,però,coordinant adversativa,pero,لكن,Contrasta o limita el primer membre.,"vol venir, però no pot",,
conjunció,sinó,coordinant adversativa,sino,بل / وإنما,Corregeix un element negatiu anterior.,"no és blau, sinó verd",,
conjunció,sinó que,coordinant adversativa,sino que,بل إنّ,Corregeix una oració sencera després de negació.,"no calla, sinó que crida",,
conjunció,mes,coordinant adversativa (literària),mas,لكن,Forma més literària o arcaïtzant de però.,"volia venir, mes no podia",,
conjunció,o...o,correlativa disjuntiva,o...o,إما... أو,Alternativa forta entre dos membres.,o estudies o treballes,,
conjunció,ni...ni,correlativa copulativa negativa,ni...ni,لا... ولا,Negació doble coordinada.,ni canta ni balla,,
conjunció,tant...com,correlativa copulativa,tanto... como,سواء... أم / كما,Suma o equipara dos membres.,tant el pare com la mare,,
conjunció,no solament... sinó (també),correlativa additiva,no solo... sino (también),ليس فقط... بل أيضًا,Afegeix amb èmfasi.,"no solament llegeix, sinó que escriu",,
conjunció,ara... ara,correlativa distributiva,ora... ora / unas veces... otras,تارة... وتارة,Alternança de situacions.,"ara plora, ara riu",,
conjunció,adés... adés,correlativa distributiva,ya... ya / unas veces... otras,حينًا... حينًا,Alternança; registre més formal o literari.,"adés calla, adés protesta",,
conjunció,ja... ja,correlativa distributiva,ya... ya,تارة... وتارة,Alternança o repartiment.,"ja ve, ja se’n va",,
conjunció,sigui... sigui,correlativa distributiva,sea... sea,سواء... أو,Indica indiferència entre opcions.,"sigui ara, sigui demà",,
conjunció,tant si... com si,correlativa concessiva / alternativa,tanto si... como si,سواء... أم,El resultat és igual en les dues possibilitats.,tant si plou com si fa sol,,
conjunció,que,subordinant completiva,que,أنّ,Introdueix subordinades substantives o declaratives.,diu que vindrà,,
conjunció,si,subordinant completiva interrogativa indirecta,si,إذا / ما إذا,Introdueix interrogatives indirectes totals.,no sé si vindrà,,
conjunció,quan,subordinant temporal,cuando,عندما,Temps simultani o puntual.,"quan arribi, truca",,
conjunció,mentre,subordinant temporal / condicional,mientras,بينما / ما دام,Simultaneïtat; en alguns contextos també condició.,"mentre estudies, jo cuino",,
conjunció,abans que,subordinant temporal,antes de que,قبل أن,Sovint demana subjuntiu si l’acció és futura o no realitzada.,marxa abans que plogui,,
conjunció,després que,subordinant temporal,después de que,بعد أن,Posterioritat.,després que arribis,,
conjunció,des que,subordinant temporal,desde que,منذ أن,Punt inicial temporal.,des que viu aquí,,
conjunció,d’ençà que,subordinant temporal,desde que,منذ أن,Variant més formal.,d’ençà que el coneix,,
conjunció,tan aviat com,subordinant temporal,tan pronto como,بمجرد أن,Immediatesa temporal.,tan aviat com puguis,,
conjunció,així que,subordinant temporal / consecutiva,en cuanto / así que,ما إن / وهكذا,"Segons el context, marca immediatesa o conseqüència.","així que arribi, t’aviso",,
conjunció,fins que,subordinant temporal,hasta que,حتى,Límit temporal.,espera fins que torni,,
conjunció,cada vegada que,locució conjuntiva temporal,cada vez que,كلما,Repetició habitual.,cada vegada que ve,,
conjunció,perquè,subordinant causal / final,porque / para que,لأن / لكي,Pot expressar causa o finalitat segons el context i el mode verbal.,no surto perquè plou / estudio perquè aprovi,,
conjunció,Tot i que,,Aunque,,,,,
conjunció,ja que,subordinant causal,ya que,بما أن / بما أنّ,Causa presentada com a coneguda.,"ja que hi ets, ajuda’m",,
conjunció,com que,subordinant causal,como / puesto que,بما أنّ,Sovint al començament de l’oració.,"com que és tard, marxem",,
conjunció,atès que,subordinant causal,dado que,نظرًا لأن,Registre formal.,atès que no hi és,,
conjunció,vist que,subordinant causal,visto que,نظرًا لأن,Registre formal.,vist que plou,,
conjunció,puix que,subordinant causal (formal),puesto que,إذ / بما أن,Més literària o formal.,puix que ho vols,,
conjunció,per tal que,subordinant final,para que,لكي,Finalitat clara; habitualment amb subjuntiu.,t’ho dic per tal que ho sàpigues,,
conjunció,a fi que,subordinant final,a fin de que,لكي,Finalitat; registre formal.,ho escriu a fi que consti,,
conjunció,de manera que,subordinant consecutiva,de manera que,بحيث / لذلك,Conseqüència o resultat.,va córrer tant de manera que va caure,,
conjunció,de manera que no,subordinant consecutiva final,de manera que no,بحيث لا,Finalitat negativa o evitació.,parla baix de manera que no el sentin,,
conjunció,de forma que,subordinant consecutiva,de forma que,بحيث,Equivalent de de manera que.,ho explica de forma que tothom ho entén,,
conjunció,si,subordinant condicional,si,إذا,Condició bàsica.,"si vols, vinc",,
conjunció,sempre que,subordinant condicional,siempre que,ما دام / إذا,Condició suficient; també temporal segons context.,sempre que puguis,,
conjunció,en cas que,subordinant condicional,en caso de que,في حال,Condició eventual; sol portar subjuntiu.,en cas que plogui,,
conjunció,posat que,subordinant condicional,suponiendo que,على افتراض أن,Hipòtesi; registre més formal.,posat que sigui veritat,,
conjunció,només que,subordinant condicional,con tal de que / solo con que,يكفي أن,Condició mínima perquè passi alguna cosa.,només que truquis,,
conjunció,llevat que,subordinant condicional / exceptiva,salvo que,إلا إذا,Excepció a una condició general.,vindré llevat que plogui,,
conjunció,tret que,subordinant condicional / exceptiva,salvo que,إلا إذا,Equivalent de llevat que.,"anirem, tret que sigui tard",,
conjunció,encara que,subordinant concessiva,aunque,رغم أن / مع أن,Objecció que no impedeix el fet principal.,encara que estigui cansat,,
conjunció,malgrat que,subordinant concessiva,a pesar de que,على الرغم من أن,Concessió; força formal.,malgrat que plovia,,
conjunció,tot i que,subordinant concessiva,aunque / aun cuando,مع أن / رغم أن,Molt freqüent en català actual.,tot i que és difícil,,
conjunció,si bé,subordinant concessiva,si bien,مع أنّ,Concessiva matisadora; registre mig o formal.,si bé és cert,,
conjunció,per bé que,subordinant concessiva,por más que / aunque,مع أن,Registre formal.,per bé que ho intenti,,
conjunció,ni que,subordinant concessiva / intensiva,ni aunque,حتى لو,Val encara que; sovint amb subjuntiu.,ni que m’ho demanis,,
conjunció,com,subordinant comparativa,como,كما / مثل,Introdueix comparació o manera.,tal com diu,,
conjunció,tal com,locució comparativa,tal como,كما / تمامًا كما,Comparació d’identitat o conformitat.,tal com esperàvem,,
conjunció,així com,locució comparativa / additiva,así como,وكذلك / كما,Comparació o addició en registre més formal.,així com l’altre dia,,
conjunció,més... que,correlativa comparativa,más... que,أكثر... من,Comparació de superioritat.,més alt que jo,,
conjunció,menys... que,correlativa comparativa,menos... que,أقل... من,Comparació d’inferioritat.,menys car que abans,,
conjunció,tan... com,correlativa comparativa,tan... como,بقدر... مثل,Comparació d’igualtat.,tan alt com el pare,,
conjunció,,,,,,,,
conjunció,llavors,connector discursiu / ordenació,entonces,إذًا / حينئذ,Often taught as a connector in practice; grammatically it is also an adverb of time.,Llavors què fem?,,
interjecció,ah!,interjecció d’admiració / comprensió,¡ah!,آه!,"Sorpresa, comprensió sobtada o record.",Ah! Ara ho entenc!,,
interjecció,oh!,interjecció d’admiració / lament,¡oh!,أوه!,"Admira, lamenta o dona to emotiu.","Oh, que bonic!",,
interjecció,ai!,interjecció de dolor / queixa,¡ay!,آخ / آه!,Dolor físic o moral.,Ai! M’he fet mal.,,
interjecció,ui!,interjecció de sorpresa / advertiment,¡uy!,أُوْي / أوه!,"Sorpresa, por lleu o advertiment.","Ui, això crema!",,
interjecció,uf!,interjecció de cansament / alleujament,¡uf!,أوف!,"Cansament, esforç o alleujament.","Uf, quin dia!",,
interjecció,uff!,interjecció de cansament / intensificació,¡uff!,أوف جدًا!,Variant gràfica més expressiva d’uf.,"Uff, no puc més.",,
interjecció,ecs!,interjecció de fàstic,¡puaj!,يع!,Disgust o rebuig.,Ecs! Quina pudor!,,
interjecció,uix!,interjecció de disgust / molèstia,¡uy! / ¡bah!,أف!,"Disgust, recel o reacció negativa.","Uix, això no m’agrada.",,
interjecció,bah!,interjecció de menyspreu,¡bah!,تُف!,Desdeny o indiferència.,Bah! No en facis cas.,,
interjecció,ep!,interjecció d’atenció,¡eh! / ¡oye!,هيه!,Crida l’atenció.,"Ep, espera’m!",,
interjecció,ei!,interjecció d’atenció,¡eh! / ¡hey!,هاي / هيه!,Crida o salutació informal.,"Ei, què tal?",,
interjecció,eh!,interjecció apel·lativa,¿eh?,أليس كذلك؟ / ها؟,Busca reacció de l’oient o reforça allò dit.,"Vindràs, eh?",,
interjecció,pst!,interjecció de crida discreta,¡psst!,شش!,Per cridar algú en veu baixa.,Pst! Vine aquí.,,
interjecció,xe!,interjecció col·loquial valenciana,¡che!,يا سلام! / هيه!,"Molt pròpia del valencià; sorpresa, complicitat o crida.","Xe, quina calor!",,
interjecció,uep!,interjecció col·loquial balear,¡eh! / ¡oye!,أهلًا / هيه!,"Salutació o crida, pròpia del balear.",Uep! Com anam?,,
interjecció,apa!,interjecció d’encoratjament / transició,¡venga! / ¡anda!,هيا!,"Anima, accelera o tanca una conversa.","Apa, som-hi!",,
interjecció,au!,interjecció d’encoratjament,¡venga!,هيا!,Impuls per començar o continuar.,"Au, anem!",,
interjecció,va!,interjecció d’encoratjament,¡vamos! / ¡venga!,هيا / لنذهب!,Molt col·loquial; pot animar o protestar lleument.,"Va, afanya’t!",,
interjecció,vinga!,interjecció d’encoratjament,¡venga!,هيا!,Forma molt freqüent per animar o tancar.,"Vinga, continua!",,
interjecció,som-hi!,fórmula exhortativa,¡vamos! / ¡manos a la obra!,هيا بنا!,Expressió fixa per començar una acció.,"Som-hi, que ja és hora!",,
interjecció,endavant!,fórmula exhortativa,¡adelante!,إلى الأمام! / تفضل!,Animar a continuar o autoritzar a entrar/parlar.,"Endavant, passa!",,
interjecció,amunt!,fórmula exhortativa,¡arriba!,إلى الأعلى!,Ànim o moviment cap amunt.,"Amunt, equip!",,
interjecció,caram!,interjecció de sorpresa / admiració,¡caramba!,يا للعجب!,Sorpresa sovint positiva.,"Caram, que bé que parles!",,
interjecció,ostres!,interjecció de sorpresa,¡ostras!,يا إلهي! / يا للعجب!,Molt freqüent; sorpresa sense ser tan forta com renecs més durs.,"Ostres, no ho sabia!",,
interjecció,renoi!,interjecció de sorpresa / admiració,¡caray!,يا للعجب!,Exclamació col·loquial.,"Renoi, quina sort!",,
interjecció,vaja!,interjecció de sorpresa / decepció,¡vaya!,يا للأسف / حسنًا,"Pot expressar decepció, ironia o sorpresa.","Vaja, quina llàstima!",,
interjecció,mare meva!,interjecció d’astorament,¡madre mía!,يا أمي! / يا إلهي!,"Astorament, preocupació o admiració.","Mare meva, quant costa!",,
interjecció,Déu-n’hi-do!,interjecció valorativa,¡no está nada mal!,ليس سيئًا أبدًا!,Valora una quantitat o qualitat com notable.,"Déu-n’hi-do, quina gentada!",,
interjecció,ca!,interjecció de negació / rebuig,¡qué va!,أبدًا! / لا طبعًا,Negació viva i col·loquial.,"Ca, no hi aniré pas.",,
interjecció,hala!,interjecció d’impuls / tancament,¡hala!,هيا!,Encoratja o talla una acció.,"Hala, tothom a dormir.",,
interjecció,bravo!,interjecció d’aplaudiment,¡bravo!,برافو!,Elogi o aprovació.,"Bravo, molt bé!",,
interjecció,hurra!,interjecció de celebració,¡hurra!,هُرّا!,Alegria col·lectiva.,"Hurra, hem guanyat!",,
interjecció,visca!,interjecció de celebració,¡viva!,عاش!,"Aclama una persona, cosa o col·lectiu.",Visca Catalunya!,,
interjecció,hola!,fórmula de salutació,¡hola!,مرحبًا!,Salutació; no és interjecció pura clàssica però és molt útil com a fórmula discursiva.,"Hola, com estàs?",,
interjecció,adéu!,fórmula de comiat,¡adiós!,مع السلامة!,Comiat general.,"Adéu, fins demà!",,
interjecció,adéu-siau!,fórmula de comiat (més formal),¡adiós!,وداعًا!,Comiat més formal o tradicional.,"Adéu-siau, senyora.",,
interjecció,bon dia!,fórmula de salutació,¡buenos días!,صباح الخير!,Salutació temporal.,"Bon dia, professor.",,
interjecció,bona tarda!,fórmula de salutació,¡buenas tardes!,مساء الخير!,Salutació temporal de tarda.,Bona tarda a tothom.,,
interjecció,bona nit!,fórmula de salutació / comiat,¡buenas noches!,تصبح على خير / مساء الخير,Pot ser salutació o comiat segons el moment.,"Bona nit, fins demà.",,
interjecció,oi?,partícula apel·lativa,¿verdad? / ¿no?,أليس كذلك؟,"No és una interjecció prototípica, però és molt útil per demanar confirmació.","És fàcil, oi?",,
interjecció,eh que...?,partícula apel·lativa,¿verdad que...?,أليس صحيحًا أن...؟,Serveix per demanar confirmació.,Eh que vindràs?,,
expressions i altres,tenir mal de cap,expressió amb tenir,tener dolor de cabeza,عنده صداع,Pattern with tenir + noun for physical sensation.,Tinc mal de cap.,,
expressions i altres,tenir gana,expressió amb tenir,tener hambre,يشعر بالجوع,Physical sensation.,Tinc gana.,,
expressions i altres,tenir son,expressió amb tenir,tener sueño,يشعر بالنعاس,Physical sensation.,Tinc son.,,
expressions i altres,tenir calor,expressió amb tenir,tener calor,يشعر بالحرّ,Physical sensation.,Tinc calor.,,
expressions i altres,tenir fred,expressió amb tenir,tener frío,يشعر بالبرد,Physical sensation.,Tinc fred.,,
expressions i altres,tenir mal de panxa,expressió amb tenir,tener dolor de barriga,عنده ألم في البطن,Physical sensation.,Tinc mal de panxa.,,
expressions i altres,tenir mal de coll,expressió amb tenir,tener dolor de cuello / garganta,عنده ألم في الرقبة / الحلق,Physical sensation; depends on context.,Tinc mal de coll.,,
expressions i altres,es diu,expressió bàsica,se llama,يُسمّى,Used to say someone’s or something’s name.,Es diu Tomàs.,,
expressions i altres,li costa + infinitiu,estructura verbal,le cuesta + infinitivo,يصعب عليه أن...,Used to say something is difficult for someone.,Li costa confiar en la gent.,,
expressions i altres,en el fons,locució,en el fondo,في العمق / في الحقيقة,Often means “deep down”.,"En el fons, té bon cor.",,
expressions i altres,estar + adjectiu,patró,estar + adjetivo,يكون + صفة,Used for emotional states.,Estic contenta.,,
expressions i altres,tenir + nom,patró,tener + sustantivo,لديه / يشعر بـ,Common with physical states and sensations.,Tinc gana / tinc son.,,
expressions i altres,tan... com,comparació d’igualtat,tan... como,بقدر ما / مثلما,Equality comparison.,És tan alta com la seva mare.,,
expressions i altres,més... que,comparació,más... que,أكثر ... من,Greater degree comparison.,És més arrissada que la Gisela.,,
expressions i altres,menys... que,comparació,menos... que,أقل ... من,Lower degree comparison.,Té el nas menys punxegut que la Gisela.,,
expressions i altres,semblar,verb d’impressió,parecer,يبدو,Opinion / impression / appearance.,Sembla difícil.,,
expressions i altres,semblar que + oració,estructura verbal,parece que + oración,يبدو أن...,Very common clause pattern.,Sembla que plourà.,,
expressions i altres,assemblar-se a,verb de semblança,parecerse a,يشبه,Physical resemblance.,M’assemblo a la meva germana.,,
expressions i altres,assemblar-s’hi,pronominal,parecerse a ello / a ellos,يشبهه / يشبههم,Short form replacing a person after a.,M’hi assemblo.,,
expressions i altres,recordar-se de,verb pronominal,acordarse de,يتذكر,Full form with de.,Em recordo de quan era petit.,,
expressions i altres,recordar-se’n,verb pronominal,acordarse de ello,يتذكر ذلك,Short form replacing de + complement.,Me’n recordo.,,
expressions i altres,estar d’acord amb,expressió,estar de acuerdo con,يتفق مع,Agreement with someone or something.,Estic d’acord amb això.,,
expressions i altres,estar-hi d’acord,expressió pronominal,estar de acuerdo con ello,موافق عليه,Short form with hi.,Hi estic d’acord.,,
expressions i altres,m’estimo més,preferència,prefiero,أفضّل,Equivalent to preferir.,M’estimo més quedar-me a casa.,,
expressions i altres,"qui no en fa, no en conta",frase feta,"quien no hace cosas, no tiene nada que contar",من لا يفعل شيئًا لا يملك ما يرويه,Saying about experience and stories.,"Qui no en fa, no en conta.",,
expressions i altres,no n’anava pas,negació reforçada,no iba allí / no iba,لم أكن ذاهبًا إلى هناك,pas reinforces negation.,No n’anava pas.,,
expressions i altres,té a veure amb,locució verbal,tiene que ver con,له علاقة بـ,Relation / connection.,Això té a veure amb la feina.,,
expressions i altres,"no hi vaig, en vinc",patró amb hi/en,"no voy allí, vengo de allí",لا أذهب إلى هناك، آتي من هناك,Useful contrast for movement to/from a place.,"No, no hi vaig, a la botiga, ara. En vinc.",,
expressions i altres,fer-la petar,locució verbal,charlar / pasar el rato hablando,يدردش / يتسامر,Colloquial expression.,Ens vam quedar fent-la petar.,,
expressions i altres,de cop,locució adverbial,de repente / de una vez,فجأة / دفعة واحدة,Can mean suddenly or in one go.,Va obrir la porta de cop.,,
expressions i altres,cap a,locució,hacia / sobre,حوالي / نحو,Approximate time or direction.,Vindré cap a les 9.,,
expressions i altres,de primera mà,locució,de primera mano,من مصدر مباشر / مباشرةً,Source of information or item condition.,Ho sé de primera mà.,,
expressions i altres,de segona mà,locució,de segunda mano,مستعمل / من مصدر غير مباشر,Used goods or indirect source.,Va comprar el cotxe de segona mà.,,
expressions i altres,al comptat,locució,al contado,نقدًا / دفعة واحدة,Payment in full at purchase time.,Ho va pagar al comptat.,,
expressions i altres,a terminis,locució,a plazos,بالتقسيط,Payment by installments.,Ho pagarem a terminis.,,
expressions i altres,des de llavors,locució adverbial,desde entonces,منذ ذلك الحين,Time expression.,No l’he vist des de llavors.,,
expressions i altres,un pas endavant,expressió,un paso adelante,خطوة إلى الأمام,Literal and figurative expression.,Això és un pas endavant.,,
expressions i altres,tinc la intenció de + infinitiu,patró,tengo la intención de + infinitivo,أنوي أن...,Formal way to state intention.,Tinc la intenció de estudiar català.,,
expressions i altres,vull + infinitiu,patró,quiero + infinitivo,أريد أن...,Basic desire/want structure.,Vull treballar.,,
expressions i altres,m’agradaria poder + infinitiu,patró,me gustaría poder + infinitivo,أودّ أن أتمكّن من...,Polite desire / aspiration.,M’agradaria poder cursar un grau superior.,,
expressions i altres,em trauré en breu + complement,patró,me sacaré pronto + complemento,سأحصل قريبًا على...,Used with permits/documents and similar results.,Em trauré en breu el carnet de conduir.,,
expressions i altres,agafar el tren,col·locació,coger el tren,يأخذ القطار,Agafar used with transport.,Agafar el tren.,,
expressions i altres,agafar el llibre,col·locació,coger el libro,يأخذ الكتاب,Taking an object.,Agafar el llibre.,,
expressions i altres,agafar una pilota,col·locació,coger una pelota,يمسك كرة,Catching something.,Agafar una pilota.,,
expressions i altres,agafar un refredat,col·locació,coger un resfriado,يُصاب بالزكام,Getting sick.,Agafar un refredat.,,
expressions i altres,agafar la grip,col·locació,coger la gripe,يُصاب بالإنفلونزا,Getting sick.,Agafar la grip.,,
expressions i altres,agafar por,col·locació,coger miedo,يشعر بالخوف,Emotional state.,El nen agafa por de la foscor.,,
expressions i altres,agafar confiança,col·locació,coger confianza,يكتسب الثقة,Emotional / social development.,Agafar confiança.,,
expressions i altres,què et sembla si...?,fórmula de proposta,¿qué te parece si...?,ما رأيك لو...؟,Making suggestions.,Què et sembla si vinc a les dotze?,,
expressions i altres,"si vols, ...",fórmula de proposta,"si quieres, ...",إذا أردت، ...,Offering help or suggesting politely.,"Si vols, puc venir abans.",,
expressions i altres,us puc ajudar en alguna cosa?,fórmula d’oferiment,¿os puedo ayudar en algo?,هل أستطيع مساعدتكم في شيء؟,Offering help.,Us puc ajudar en alguna cosa?,,
expressions i altres,em sap greu,fórmula de disculpa,lo siento,أنا آسف,Apology / regret.,Em sap greu.,,
expressions i altres,ho sento,fórmula de disculpa,lo siento,آسف,Apology.,Ho sento.,,
expressions i altres,et demano disculpes,fórmula de disculpa,te pido disculpas,أعتذر لك,Formal apology.,Et demano disculpes.,,
expressions i altres,perdona / perdoni’m,fórmula de disculpa,perdona / perdóneme,اعذرني / سامحني,Informal / formal apology.,Perdona. / Perdoni’m.,,
expressions i altres,no et preocupis,fórmula de resposta,no te preocupes,لا تقلق,Accepting an apology or calming someone.,No et preocupis.,,
expressions i altres,no pateixis,fórmula de resposta,no te preocupes,لا تقلق,Colloquial reassurance.,No pateixis.,,
expressions i altres,no té importància,fórmula de resposta,no tiene importancia,لا أهمية له,Accepting apology.,No té importància.,,
expressions i altres,no hi fa res,fórmula de resposta,no pasa nada,لا بأس,Accepting apology.,No hi fa res.,,
expressions i altres,no ha estat res,fórmula de resposta,no ha sido nada,لم يكن شيئًا,Accepting apology.,No ha estat res.,,
expressions i altres,no t’amoïnis,fórmula de resposta,no te preocupes,لا تقلق,Accepting apology / calming.,No t’amoïnis.,,
expressions i altres,s’ha de + infinitiu,perífrasi d’obligació,hay que / se tiene que + infinitivo,يجب أن...,Impersonal obligation.,S’ha de treballar.,,
expressions i altres,cal + nom,estructura impersonal,hace falta + sustantivo,يلزم / هناك حاجة إلى,Need with noun.,Cal paciència.,,
expressions i altres,cal que + subjuntiu,estructura impersonal,hace falta que + subjuntivo,يلزم أن...,Need/obligation with subject.,Cal que vingui.,,
expressions i altres,caldrà + infinitiu,estructura impersonal,hará falta + infinitivo,سوف يلزم أن...,Future necessity.,Caldrà esperar una mica.,,
expressions i altres,caldrà que + subjuntiu,estructura impersonal,hará falta que + subjuntivo,سوف يلزم أن...,Future necessity with subject.,Caldrà que treballis demà.,,
expressions i altres,Tot i que,,,,,,,
expressions i altres,De mica en mica s’omple la pica,,"Grano a grano, la gallina llena el buche",,Paso a paso; poco a poco se logra el objetivo,Refleja un valor muy arraigado en la cultura catalana: la paciencia y el esfuerzo constante. Suele decirse a niños o en entornos educativos para animar.,,
expressions populars,"Si us plau, una mica de seny",,"Por favor, un poco de sentido común",,"Se usa para pedir que alguien actúe con lógica, calma o prudencia","Expresión muy catalana, cargada de tono moral o cívico. Se dice cuando alguien está a punto de hacer una tontería o está actuando de forma impulsiva.",,
expressions populars,Una persona amb seny,,Una persona sensata,,"Se refiere a alguien prudente, razonable y equilibrado, que toma decisiones con lógica y cabeza fría","Elogio muy valorado en la cultura catalana. Implica que la persona es responsable, calmada y juiciosa.",,
expressions populars,Cal,,Hay que / Es necesario,,Se usa para expresar obligación o necesidad de manera impersonal,Frecuente en catalán para dar recomendaciones o marcar lo que hace falta hacer. No tiene sujeto explícito.,,
expressions populars,Una persona com cal,,Una persona como Dios manda,,"Se dice de alguien correcto, respetable, que cumple con lo que se espera moral o socialmente","Expresión coloquial para elogiar a alguien serio, educado o cumplidor. También puede usarse de forma irónica.",,
expressions populars,Això no cal,,Eso no hace falta / No es necesario,,"Se dice para indicar que algo no es necesario, que se puede omitir o evitar",Se usa para evitar esfuerzos innecesarios o marcar que algo no es obligatorio. Tono práctico y directo.,,
expressions populars,Quan ho diguis,,Cuando lo digas,,Se usa para referirse a que algo sucederá o se hará en el momento en que la otra persona lo indique,"Expresión común para mostrar disposición o coordinar una acción. Tono neutral o impaciente, según el contexto.",,
expressions populars,A tot drap,,A todo volumen / a toda pastilla,,"Se usa para indicar que algo sucede con mucha intensidad, rapidez o volumen","Expresión muy coloquial que puede referirse a velocidad, ruido o energía. Por ejemplo, posar la música “a tot drap” significa a todo volumen. También puede aplicarse a una persona que va corriendo o haciendo algo a lo bestia. Tiene un tono informal y juvenil, muy usado entre amigos o en contextos desenfadados.",,
expressions populars,Cinc cèntims,,Un resumen breve / Unas pinceladas,,Se refiere a una explicación corta o un resumen rápido de algo,"Es una abreviación muy común de “fer cinc cèntims”. Si algú diu només “et faig cinc cèntims” o “explica’m cinc cèntims”, s’entén que volen un resum. És habitual en contextos informals, converses de feina, o per posar algú al dia sense massa detall.",,
expressions populars,Et faré cinc cèntims,,Te haré un resumen / Te cuento por encima,,Se usa para introducir un resumen breve o explicación rápida sobre algún tema,"Expressió molt típica del català per començar una explicació resumida. Literalment significa “te haré cinco céntimos”, però el sentit real és “te explico breument”. Sovint s’utilitza en converses informals per posar algú al dia o per començar a explicar una història sense entrar en massa detall.",,
expressions populars,Fer-ne cinc cèntims,,Hacer un resumen rápido / Contar algo por encima,,"Se usa para hablar de explicar algo de forma resumida, sin entrar en detalls","És una variant més estructurada de “fer cinc cèntims”. S’utilitza sovint en contextos informals o semi-formals, per exemple en reunions, quan es vol demanar o donar un resum. El “ne” fa referència al tema que s’està explicant. Molt habitual a la feina, a classe o fins i tot en mitjans de comunicació.",,
expressions populars,Ets més puta que les gallines,,Eres más puta que las gallinas,,"Se dice de una persona (normalmente mujer) que es muy chismosa, descarada o promiscua, dependiendo del contexto","Té un to clarament vulgar i popular. Pot ser ofensiu si s'utilitza literalment, però també es pot dir entre amics en to de burla o broma, sobretot en ambients rurals o col·loquials. Antigament, les gallines es veien com animals molt moguts, que no paren quietes ni callades. S’usa més com expressió forta que com insult real en contextos informals.",,
expressions populars,Arribar i moldre,,Llegar y ponerse manos a la obra,,"Se usa cuando alguien empieza algo y enseguida actúa con efectividad, sin perdre temps","Expressió molt catalana per descriure una entrada decidida i productiva. S’utilitza quan una persona arriba a un lloc (feina, reunió, activitat) i comença a fer les coses immediatament, sense escalfament previ. Transmet eficàcia i caràcter resolutiu. Pot usar-se en positiu (eficiència) o amb sorpresa si algú actua amb molta empenta.",,
expressions populars,Has begut oli,,Has bebido aceite (literal) / La has cagado,,"Se dice cuando alguien ya no tiene solució, ha perdido una oportunitat o ha cometido un error grave","Expressió molt viva del català col·loquial. Es diu sovint en contextos de broma, joc o quan algú s’ha ficat en un embolic del qual ja no pot sortir. També es pot dir amb to de burla amistosa quan algú ha estat derrotat o s’ha equivocat. Literalment “has begut oli” vol dir “te has fastidiado”. És molt típica entre amics o familiars.",,
expressions populars,Faré un pet com una gla,,Voy a reventar (de tanto comer),,Se usa para expresar que estás tan lleno que te sientes a punto de estallar,"Expressió molt divertida i típica en contextos familiars o entre amics després d’un gran àpat. “Fer un pet com una gla” barreja humor i exageració per dir que s’ha menjat massa. La “gla” (bellota) és petita però forta, així que el “pet” es veu com una explosió inesperada i contundent. Té un to simpàtic, gens vulgar malgrat la paraula “pet”.",,
expressions populars,Barcelona és bona si la bossa sona,,Barcelona es buena si la bolsa suena,,Se dice para señalar que Barcelona (o cualquier ciudad) se disfruta más si tienes dinero,"Refrany popular que barreja realitat i ironia. Fa referència al fet que Barcelona pot ser meravellosa, però no és barata. L’expressió té un toc crític però també humorístic, i es pot aplicar a altres ciutats o situacions. S’usa sovint per comentar els preus, el turisme o el nivell de vida.",,
expressions populars,Panxa plena,,Barriga llena / Estar lleno,,Se dice cuando alguien ha comido mucho y está satisfecho,"Expressió simple però molt habitual. Pot dir-se com a constatació (“Tinc la panxa plena”) o com a estat de benestar després de menjar. Sovint s’associa a moments de descans o satisfacció: dinar en família, diumenge, sobretaula... També pot anar acompanyada d’altres frases com “panxa plena, cor content”.",,
expressions populars,Déu n'hi do,,Vaya / No está nada mal,,"Se usa para expresar sorpresa, admiración o incluso resignación, dependiendo del tono","Una de les expressions més característiques del català. Té molts matisos: pot ser un elogi (“Déu n’hi do com canta!”), una expressió de sorpresa (“Déu n’hi do, quanta gent!”) o fins i tot un comentari resignat (“Déu n’hi do el que ha costat”). És molt flexible i s’utilitza en tot tipus de converses.",,
expressions populars,S'ha posat vermell com un tomàquet.,,Se ha puesto rojo como un tomate,,"Se dice cuando alguien se sonroja mucho, por vergüenza, nervios o calor","Expressió molt visual i transparent, equivalent gairebé literal en moltes llengües. S’utilitza molt en contextos informals quan algú s’avergonyeix o queda en evidència.",,
expressions populars,Mai no plou a gust de tothom.,,Nunca llueve a gusto de todos,,Se usa para decir que es imposible contentar a todo el mundo; siempre habrá alguien descontento,"És un refrany molt conegut, usat en discussions, decisions col·lectives o situacions en què no hi ha una solució perfecta per a tothom.",,
expressions populars,Ser gat vell.,,Ser perro viejo / saberlatinas,,"Se dice de alguien con mucha experiencia, que ya conoce bien cómo funcionan las cosas y no es fácil de engañar","Expressió molt col·loquial. El “gat vell” simbolitza experiència i astúcia. Pot tenir un to d’admiració o de cautela, segons el context.",,
expressions populars,Donar un cop de mà a algú.,,Echar una mano a alguien,,Se usa para ofrecer o pedir ayuda en una tarea o situación,"Molt habitual en la parla quotidiana. És una de les expressions més freqüents per parlar d’ajudar algú, tant en contextos familiars com laborals.",,
expressions populars,llençols,,Sábanas,,Se refiere a las piezas de tela que se ponen en la cama para cubrir el colchón o el cuerpo al dormir,"Paraula d’ús quotidià a casa. Sovint apareix en contextos de roba de llit, neteja o tasques domèstiques.",,
expressions populars,llençols nets,,Sábanas limpias,,Se usa para hablar de sábanas recién lavadas o en buen estado de limpieza,Expressió domèstica molt comuna. Pot aparèixer quan es canvia el llit o es parla de neteja i confort a casa.,,
expressions populars,espelmes,,Velas,,"Se refiere a las velas de cera que se encienden para dar luz, decorar o crear ambiente","Paraula freqüent en contextos de decoració, celebracions, talls de llum o ambient acollidor. També pot tenir usos religiosos o simbòlics.",,
expressions populars,"Si no vols pols, no vagis a l'era.",,"Si no quieres polvo, no vayas a la era",,"Se usa para decir que, si no quieres las consecuencias o molestias de algo, no te metas en esa situación","Refrany tradicional d’origen rural. La “era” és el lloc on es batia el cereal, ple de pols. Té un sentit molt pràctic: si entres en segons quins assumptes, n’has d’acceptar els inconvenients.",,
