Catalan Vocab Learning Units,,,,,,,
Bridge language: Spanish (primary). English + Arabic kept as backup for depth.,,,,,,,
This workbook only reorganizes the Vocab tab. Original row numbers are preserved for traceability.,,,,,,,
,,,,,,,
Study Order,Unit ID,Learning Unit,Focus,Priority,Word Count,With Lemma,Example Items
1.0,U01,Foundations & Everyday Basics,"Core concrete nouns, basic people words, time/number items, and easy high-frequency vocabulary.",High,58.0,4.0,el llapis · la pel·lícula · el mòbil
2.0,U02,"Work, Study & Admin Communication","Email, projects, research, applications, teamwork, and office/study language.",High,86.0,45.0,el punt · implicat · el certificat
3.0,U03,Home & Furniture,"Rooms, furniture, home layout, and basic position words inside the home.",High,30.0,1.0,la tovallola · la dutxa · la nevera
4.0,U04,City Places & Directions,"Public places, street objects, route instructions, and prepositions of place.",High,55.0,1.0,a la dreta · a l’esquerra · l’autobús
5.0,U05,"Family, Appearance & Personality","Relatives, describing people, physical appearance, and core character traits.",High,49.0,0.0,vermell · la vergonya · el caràcter
6.0,U06,"Emotions, Mood & Physical States","Feelings, mood, comfort, needs, and simple state expressions.",High,52.0,0.0,"còmode, còmoda · animat, animada · la preferència"
7.0,U07,"Household Details, Storage & Table Setting","Table setup, storage, parts of a building, and how a home looks/feels.",Medium,48.0,0.0,els finestrals · donaven · el pati
8.0,U08,"Food, Ingredients & Cooking","Meals, ingredients, kitchen tools, and cooking verbs.",High,43.0,0.0,afegir · pelar · el formatge
9.0,U09,"Weather, Repairs & Daily Problems","Weather basics, practical problems, repairs, price/cost language, and weather status sentences.",Medium,27.0,14.0,els retalls dels preus · els descomptes dels preus · el clima
10.0,U10,"Clothing, Size & Materials","Clothes, descriptive size adjectives, and common materials.",Medium,32.0,20.0,la sabata · la camisa · la jaqueta
11.0,U11,"Quantifiers, Mini-Phrases & Discourse Tools","Quantifiers, reactions, fixed expressions, movement helpers, and adverbs of place.",High,30.0,16.0,Plogui o faci sol · Ens hem de moure · per tot arreu
12.0,U12,Catalan Culture & Community Events,Festival and community vocabulary specific to Catalan culture.,Medium,7.0,7.0,la gimcana · els castells · la cobla
13.0,U13,"Body, Accidents & Recovery","Body parts, accident verbs, first-aid items, dizziness, and recovery language.",Medium,29.0,20.0,alleujar · procurar · la salut
14.0,U14,"Study, Goals & Progress","Resuming/interruption, being busy, studying, savings, and progress/challenges.",Medium,12.0,9.0,perdent · guanyant · el propòsit
15.0,U15,"Nature, Plants & Outdoor Gear","Trees, plants, camping equipment, and outdoor observation vocabulary.",Medium,20.0,0.0,el taronger · la motxilla · la tenda de campanya
Total,,,,,578.0,137.0,
